{
    "Lathel": {
        "zh-TW": "拉德爾",
        "zh-CN": "拉德尔",
        "ko": "라텔",
        "ja": "ラテル"
    },
    "Justia": {
        "zh-TW": "悠絲緹亞",
        "zh-CN": "悠丝缇亚",
        "ko": "유스티아",
        "ja": "ユースティア"
    },
    "Scheherazade": {
        "zh-TW": "莎赫拉查德",
        "zh-CN": "莎赫拉查德",
        "ko": "세헤라자드",
        "ja": "シェラザード"
    },
    "Gray": {
        "zh-TW": "格雷",
        "zh-CN": "格雷",
        "ko": "그레이",
        "ja": "グレイ"
    },
    "Rou": {
        "zh-TW": "魯",
        "zh-CN": "鲁",
        "ko": "루",
        "ja": "ルゥ"
    },
    "Olstein": {
        "zh-TW": "奧爾施塔因",
        "zh-CN": "奥尔施塔因",
        "ko": "올슈타인",
        "ja": "オルシュタイン"
    },
    "Sylvia": {
        "zh-TW": "席比雅",
        "zh-CN": "席比雅",
        "ko": "실비아",
        "ja": "シルヴィア"
    },
    "Rubia": {
        "zh-TW": "露比雅",
        "zh-CN": "露比雅",
        "ko": "루비아",
        "ja": "ルヴィア"
    },
    "Eclipse": {
        "zh-TW": "伊柯利普斯",
        "zh-CN": "伊柯利普斯",
        "ko": "이클립스",
        "ja": "エクリプス"
    },
    "Teresse": {
        "zh-TW": "泰瑞絲",
        "zh-CN": "泰瑞丝",
        "ko": "테레제",
        "ja": "テレーゼ"
    },
    "Liatris": {
        "zh-TW": "莉亞特里斯",
        "zh-CN": "莉亚特里斯",
        "ko": "리아트리스",
        "ja": "リアトリス"
    },
    "Alec": {
        "zh-TW": "艾瑞克",
        "zh-CN": "艾瑞克",
        "ko": "알렉",
        "ja": "アレック"
    },
    "Seir": {
        "zh-TW": "賽爾",
        "zh-CN": "赛尔",
        "ko": "세이르",
        "ja": "セイル"
    },
    "Celia": {
        "zh-TW": "西利亞",
        "zh-CN": "西利亚",
        "ko": "셀리아",
        "ja": "セリア"
    },
    "Anastasia": {
        "zh-TW": "安娜塔西亞",
        "zh-CN": "安娜塔西亚",
        "ko": "아나스타샤",
        "ja": "アナスタシア"
    },
    "Lecliss": {
        "zh-TW": "萊克莉斯",
        "zh-CN": "莱克莉斯",
        "ko": "레클리스",
        "ja": "レクリス"
    },
    "Rafina": {
        "zh-TW": "拉菲娜",
        "zh-CN": "拉菲娜",
        "ko": "라피나",
        "ja": "ラフィーナ"
    },
    "Elise": {
        "zh-TW": "愛麗潔",
        "zh-CN": "爱丽洁",
        "ko": "엘리제",
        "ja": "エリーゼ"
    },
    "Helena": {
        "zh-TW": "海倫娜",
        "zh-CN": "海伦娜",
        "ko": "헬레나",
        "ja": "ヘレナ"
    },
    "Eleaneer": {
        "zh-TW": "艾尼爾",
        "zh-CN": "艾尼尔",
        "ko": "에레니르",
        "ja": "エレニール"
    },
    "Angelica": {
        "zh-TW": "安潔莉卡",
        "zh-CN": "安洁莉卡",
        "ko": "안젤리카",
        "ja": "アンジェリカ"
    },
    "Glacia": {
        "zh-TW": "克蕾西亞",
        "zh-CN": "克蕾西亚",
        "ko": "글레이시아",
        "ja": "グレイシア"
    },
    "Ventana": {
        "zh-TW": "班塔納",
        "zh-CN": "班塔纳",
        "ko": "벤타나",
        "ja": "ヴェンタナ"
    },
    "Diana": {
        "zh-TW": "黛安娜",
        "zh-CN": "黛安娜",
        "ko": "디아나",
        "ja": "ディアナ"
    },
    "Zenith": {
        "zh-TW": "傑尼斯",
        "zh-CN": "杰尼斯",
        "ko": "제니스",
        "ja": "ジェニス"
    },
    "Yuri": {
        "zh-TW": "尤里",
        "zh-CN": "尤里",
        "ko": "유리",
        "ja": "ユリ"
    },
    "Dalvi": {
        "zh-TW": "達非",
        "zh-CN": "达非",
        "ko": "달비",
        "ja": "キュウビ"
    },
    "Nartas": {
        "zh-TW": "納羅達斯",
        "zh-CN": "纳罗达斯",
        "ko": "나르타스",
        "ja": "ナルタス"
    },
    "Granhildr": {
        "zh-TW": "葛蘭西特",
        "zh-CN": "格兰希特",
        "ko": "그란힐트",
        "ja": "グランヒルト"
    },
    "Refithea": {
        "zh-TW": "芮彼泰雅",
        "zh-CN": "芮彼泰雅",
        "ko": "레피테아",
        "ja": "レピテア"
    },
    "Loen": {
        "zh-TW": "羅安",
        "zh-CN": "罗安",
        "ko": "로엔",
        "ja": "ロエン"
    },
    "Roxy": {
        "zh-TW": "洛琪希",
        "zh-CN": "洛琪希",
        "ko": "록시",
        "ja": "ロキシー"
    },
    "Eris": {
        "zh-TW": "艾莉絲",
        "zh-CN": "艾莉丝",
        "ko": "에리스",
        "ja": "エリス"
    },
    "Venaka": {
        "zh-TW": "貝那卡",
        "zh-CN": "贝那卡",
        "ko": "베나카",
        "ja": "ベナカ"
    },
    "Nebris": {
        "zh-TW": "內布利斯",
        "zh-CN": "内布利斯",
        "ko": "네브리스",
        "ja": "ネブリス"
    },
    "Sacred Justia": {
        "zh-TW": "神聖悠絲緹亞",
        "zh-CN": "神圣悠丝缇亚",
        "ko": "신성 유스티아",
        "ja": "神聖ユースティア"
    },
    "Levia": {
        "zh-TW": "萊維亞",
        "zh-CN": "莱维亚",
        "ko": "레비아",
        "ja": "レヴィア"
    },
    "Morpeah": {
        "zh-TW": "墨菲亞",
        "zh-CN": "墨菲亚",
        "ko": "모르페아",
        "ja": "モルフェア"
    },
    "Michaela": {
        "zh-TW": "米卡埃拉",
        "zh-CN": "米卡埃拉",
        "ko": "미카엘라",
        "ja": "ミカエラ"
    },
    "Yomi": {
        "zh-TW": "詠",
        "zh-CN": "咏",
        "ko": "요미",
        "ja": "詠"
    },
    "Yozakura": {
        "zh-TW": "夜櫻",
        "zh-CN": "夜樱",
        "ko": "요자쿠라",
        "ja": "夜桜"
    },
    "Hikage": {
        "zh-TW": "日影",
        "zh-CN": "日影",
        "ko": "히카게",
        "ja": "日影"
    },
    "Yumi": {
        "zh-TW": "雪泉",
        "zh-CN": "雪泉",
        "ko": "유미",
        "ja": "雪泉"
    },
    "Luvencia": {
        "zh-TW": "盧班希亞",
        "zh-CN": "卢班希亚",
        "ko": "루벤시아",
        "ja": "ルベンシア"
    },
    "Liberta": {
        "zh-TW": "黎維塔",
        "zh-CN": "黎维塔",
        "ko": "리베르타",
        "ja": "リベルタ"
    },
    "Blade": {
        "zh-TW": "布萊德",
        "zh-CN": "布莱德",
        "ko": "블레이드",
        "ja": "ブレイド"
    },
    "Wilhelmina": {
        "zh-TW": "威廉明娜",
        "zh-CN": "威廉明娜",
        "ko": "빌헬미나",
        "ja": "ウィルヘルミナ"
    },
    "Goblin Slayer": {
        "zh-TW": "哥布林殺手",
        "zh-CN": "哥布林杀手",
        "ko": "고블린 슬레이어",
        "ja": "ゴブリンスレイヤー"
    },
    "Priestess": {
        "zh-TW": "女神官",
        "zh-CN": "女神官",
        "ko": "여신관",
        "ja": "女神官"
    },
    "High Elf Archer": {
        "zh-TW": "妖精弓手",
        "zh-CN": "妖精弓手",
        "ko": "엘프 궁수",
        "ja": "妖精弓手"
    },
    "Sword Maiden": {
        "zh-TW": "劍之聖女",
        "zh-CN": "剑之圣女",
        "ko": "검의 처녀",
        "ja": "剣の乙女"
    },
    "Olivier": {
        "zh-TW": "奧利維爾",
        "zh-CN": "奥利维尔",
        "ko": "올리비에",
        "ja": "オリビエ"
    },
    "Sonya": {
        "zh-TW": "索妮亞",
        "zh-CN": "索妮亚",
        "ko": "소냐",
        "ja": "ソーニャ"
    },
    "Tyr": {
        "zh-TW": "提爾",
        "zh-CN": "提尔",
        "ko": "티르",
        "ja": "ティル"
    },
    "Darian": {
        "zh-TW": "達麗安",
        "zh-CN": "达丽安",
        "ko": "다리안",
        "ja": "ダリアン"
    },
    "Granadair": {
        "zh-TW": "葛拉娜德",
        "zh-CN": "葛拉娜德",
        "ko": "그라나데",
        "ja": "グラナデ"
    },
    "Lisianne": {
        "zh-TW": "莉西安",
        "zh-CN": "莉西安",
        "ko": "리시안느",
        "ja": "リシアンヌ"
    },
    "Bernie": {
        "zh-TW": "維爾尼",
        "zh-CN": "维尔尼",
        "ko": "베르니",
        "ja": "ベルニー"
    },
    "Layla": {
        "zh-TW": "蕾拉",
        "zh-CN": "蕾拉",
        "ko": "레일라",
        "ja": "レイラ"
    },
    "Lucrezia": {
        "zh-TW": "盧克雷齊亞",
        "zh-CN": "卢克雷齐亚",
        "ko": "루크레치아",
        "ja": "ルクレチア"
    },
    "Samay": {
        "zh-TW": "莎美",
        "zh-CN": "莎美",
        "ko": "사메이",
        "ja": "サメイ"
    },
    "Kry": {
        "zh-TW": "克萊",
        "zh-CN": "克莱",
        "ko": "크라이",
        "ja": "クライ"
    },
    "Jayden": {
        "zh-TW": "傑登",
        "zh-CN": "杰登",
        "ko": "제이든",
        "ja": "ジェイデン"
    },
    "Andrew": {
        "zh-TW": "安德魯",
        "zh-CN": "安德鲁",
        "ko": "앤드류",
        "ja": "アンドリュー"
    },
    "Elpis": {
        "zh-TW": "厄爾比斯",
        "zh-CN": "厄尔比斯",
        "ko": "엘피스",
        "ja": "エルピス"
    },
    "Fred": {
        "zh-TW": "弗雷德",
        "zh-CN": "弗雷德",
        "ko": "프레드",
        "ja": "フレッド"
    },
    "Gynt": {
        "zh-TW": "君特",
        "zh-CN": "君特",
        "ko": "귄트",
        "ja": "ギュント"
    },
    "Remnunt": {
        "zh-TW": "雷南特",
        "zh-CN": "雷南特",
        "ko": "램넌트",
        "ja": "レムナント"
    },
    "Maria": {
        "zh-TW": "瑪麗亞",
        "zh-CN": "玛丽亚",
        "ko": "마리아",
        "ja": "マリア"
    },
    "Arines": {
        "zh-TW": "阿里內斯",
        "zh-CN": "阿里内斯",
        "ko": "아리네스",
        "ja": "アリネス"
    },
    "Emma": {
        "zh-TW": "艾瑪",
        "zh-CN": "艾玛",
        "ko": "엠마",
        "ja": "エマ"
    },
    "Ingrid": {
        "zh-TW": "英格利得",
        "zh-CN": "英格利得",
        "ko": "잉그리드",
        "ja": "イングリッド"
    },
    "Cynthia": {
        "zh-TW": "辛西亞",
        "zh-CN": "辛西亚",
        "ko": "신시아",
        "ja": "シンシア"
    },
    "Julie": {
        "zh-TW": "茱莉",
        "zh-CN": "茱莉",
        "ko": "줄리",
        "ja": "ジュリー"
    },
    "Carlson": {
        "zh-TW": "卡森",
        "zh-CN": "卡森",
        "ko": "칼슨",
        "ja": "カーソン"
    },
    "Lydia": {
        "zh-TW": "黎迪雅",
        "zh-CN": "黎迪雅",
        "ko": "리디아",
        "ja": "リディア"
    },
    "Rigenette": {
        "zh-TW": "莉茲內",
        "zh-CN": "莉兹内",
        "ko": "리즈넷",
        "ja": "リジー"
    },
    "Beatrice": {
        "zh-TW": "比阿特麗絲",
        "zh-CN": "比阿特丽丝",
        "ko": "베아트리체",
        "ja": "ベアトリス"
    },
    "Wiggle": {
        "zh-TW": "威格",
        "zh-CN": "威格",
        "ko": "위글",
        "ja": "ウィグル"
    }
}